img/a000370_200.jpg                              	Adams, Alma S.
img/a000055_200.jpg                              	Aderholt, Robert B.
img/a000371_200.jpg                              	Aguilar, Pete
img/a000379_200.jpg                              	Alford, Mark
img/a000372_200.jpg                              	Allen, Rick W.
img/a000376_200.jpg                              	Allred, Colin Z.
img/a000369_200.jpg                              	Amodei, Mark E.
img/a000377_200.jpg                              	Armstrong, Kelly
img/a000148_200.jpg                              	Auchincloss, Jake
img/b001291_200.jpg                              	Babin, Brian
img/115_rp_ne_2_bacon_don_200.jpg                	Bacon, Don
img/b001307_200.jpg                              	Baird, James R.
img/b001230_200.jpg                              	Baldwin, Tammy
img/b001318_200.jpg                              	Balint, Becca
img/b001299_200.jpg                              	Banks, Jim
img/b001282_200.jpg                              	Barr, Andy
img/b001300_200.jpg                              	Barragan, Nanette Diaz
img/b001261_200.jpg                              	Barrasso, John
img/b001314_200.jpg                              	Bean, Aaron
img/b001281_200.jpg                              	Beatty, Joyce
img/b001267_200.jpg                              	Bennet, Michael F.
img/b000668_200.jpg                              	Bentz, Cliff
img/b001287_200.jpg                              	Bera, Ami
img/b001301_200.jpg                              	Bergman, Jack
img/b001292_200.jpg                              	Beyer, Donald S., Jr.
img/b000740_200.jpg                              	Bice, Stephanie I.
img/b001302_200.jpg                              	Biggs, Andy
img/b001257_200.jpg                              	Bilirakis, Gus M.
img/b001311_200.jpg                              	Bishop, Dan
img/b000490_200.jpg                              	Bishop, Sanford D., Jr.
img/b001243_200.jpg                              	Blackburn, Marsha
img/b000574_200.jpg                              	Blumenauer, Earl
img/b001277_200.jpg                              	Blumenthal, Richard
img/b001303_200.jpg                              	Blunt Rochester, Lisa
img/b000825_200.jpg                              	Boebert, Lauren
img/b001278_200.jpg                              	Bonamici, Suzanne
img/b001288_200.jpg                              	Booker, Cory A.
img/b001236_200.jpg                              	Boozman, John
img/b001295_200.jpg                              	Bost, Mike
img/b001223_200.jpg                              	Bowman, Jamaal
img/b001310_200.jpg                              	Braun, Mike
img/b001317_200.jpg                              	Brecheen, Josh
img/b001319_200.jpg                              	Britt, Katie Boyd
img/b000944_200.jpg                              	Brown, Sherrod
img/b001313_200.jpg                              	Brown, Shontel M.
img/b001285_200.jpg                              	Brownley, Julia
img/b001260_200.jpg                              	Buchanan, Vern
img/115_rp_co_4_buck_ken_200.jpg                 	Buck, Ken
img/115_rp_in_8_bucshon_larry_200.jpg            	Bucshon, Larry
img/b001305_200.jpg                              	Budd, Ted
img/b001315_200.jpg                              	Budzinski, Nikki
img/b001309_200.jpg                              	Burchett, Tim
img/b001248_200.jpg                              	Burgess, Michael C.
img/b001316_200.jpg                              	Burlison, Eric
img/b001224_200.jpg                              	Bush, Cori
img/c000059_200.jpg                              	Calvert, Ken
img/c001039_200.jpg                              	Cammack, Kat
img/c000127_200.jpg                              	Cantwell, Maria
img/c001047_200.jpg                              	Capito, Shelley Moore
img/c001134_200.jpg                              	Caraveo, Yadira
img/c000141_200.jpg                              	Cardin, Benjamin L.
img/c001054_200.jpg                              	Carl, Jerry L.
img/c000174_200.jpg                              	Carper, Thomas R.
img/c001072_200.jpg                              	Carson, Andre
img/c001051_200.jpg                              	Carter, John R.
img/c001125_200.jpg                              	Carter, Troy
img/c001131_200.jpg                              	Casar, Greg
img/c001055_200.jpg                              	Case, Ed
img/c001070_200.jpg                              	Casey, Robert P., Jr.
img/c001075_200.jpg                              	Cassidy, Bill
img/c001117_200.jpg                              	Casten, Sean
img/c001066_200.jpg                              	Castor, Kathy
img/c001091_200.jpg                              	Castro, Joaquin
img/c001135_200.jpg                              	Chavez-DeRemer, Lori
img/c001127_200.jpg                              	Cherfilus-McCormick, Sheila
img/c001080_200.jpg                              	Chu, Judy
img/c001133_200.jpg                              	Ciscomani, Juan
img/c001101_200.jpg                              	Clark, Katherine M.
img/c001067_200.jpg                              	Clarke, Yvette D.
img/c001118_200.jpg                              	Cline, Ben
img/c000537_200.jpg                              	Clyburn, James E.
img/c001116_200.jpg                              	Clyde, Andrew S.
img/c001068_200.jpg                              	Cohen, Steve
img/c001053_200.jpg                              	Cole, Tom
img/c001129_200.jpg                              	Collins, Mike
img/c001035_200.jpg                              	Collins, Susan M.
img/c001108_200.jpg                              	Comer, James
img/c001078_200.jpg                              	Connolly, Gerald E.
img/c001088_200.jpg                              	Coons, Christopher A.
img/c001056_200.jpg                              	Cornyn, John
img/115_rp_ca_46_correa_j_200.jpg                	Correa, J. Luis
img/c001113_200.jpg                              	Cortez Masto, Catherine
img/116_rp_ca_16_costa_jim_200.jpg               	Costa, Jim
img/c001095_200.jpg                              	Cotton, Tom
img/c001069_200.jpg                              	Courtney, Joe
img/c001119_200.jpg                              	Craig, Angie
img/c001096_200.jpg                              	Cramer, Kevin
img/c001132_200.jpg                              	Crane, Elijah
img/c000880_200.jpg                              	Crapo, Mike
img/c001120_200.jpg                              	Crenshaw, Dan
img/c001130_200.jpg                              	Crockett, Jasmine
img/c001121_200.jpg                              	Crow, Jason
img/c001098_200.jpg                              	Cruz, Ted
img/c001114_200.jpg                              	Curtis, John R.
img/c001097_200.jpg                              	Cárdenas, Tony
img/d000632_200.jpg                              	D'Esposito, Anthony
img/d000618_200.jpg                              	Daines, Steve
img/d000629_200.jpg                              	Davids, Sharice
img/116_rp_il_7_davis_danny_200.jpg              	Davis, Danny K.
img/d000230_200.jpg                              	Davis, Donald G.
img/d000594_200.jpg                              	De La Cruz, Monica
img/d000631_200.jpg                              	Dean, Madeleine
img/116_rp_co_1_degette_diana_200.jpg            	DeGette, Diana
img/d000617_200.jpg                              	DelBene, Suzan K.
img/d000530_200.jpg                              	Deluzio, Christopher R.
img/d000616_200.jpg                              	DesJarlais, Scott
img/d000624_200.jpg                              	Dingell, Debbie
img/d000399_200.jpg                              	Doggett, Lloyd
img/d000032_200.jpg                              	Donalds, Byron
img/d000633_200.jpg                              	Duarte, John S.
img/d000622_200.jpg                              	Duckworth, Tammy
img/d000615_200.jpg                              	Duncan, Jeff
img/115_rp_fl_2_dunn_neal_200.jpg                	Dunn, Neal P.
img/d000563_200.jpg                              	Durbin, Richard J.
img/e000246_200.jpg                              	Edwards, Chuck
img/e000071_200.jpg                              	Ellzey, Jake
img/e000294_200.jpg                              	Emmer, Tom
img/e000295_200.jpg                              	Ernst, Joni
img/e000299_200.jpg                              	Escobar, Veronica
img/e000215_200.jpg                              	Eshoo, Anna G.
img/e000297_200.jpg                              	Espaillat, Adriano
img/e000298_200.jpg                              	Estes, Ron
img/115_rp_pa_2_evans_dwight_200.jpg             	Evans, Dwight
img/e000235_200.jpg                              	Ezell, Mike
img/f000246_200.jpg                              	Fallon, Pat
img/f000446_200.jpg                              	Feenstra, Randy
img/f000062_200.jpg                              	Feinstein, Dianne
img/f000475_200.jpg                              	Finstad, Brad
img/f000470_200.jpg                              	Fischbach, Michelle
img/f000463_200.jpg                              	Fischer, Deb
img/f000471_200.jpg                              	Fitzgerald, Scott
img/f000468_200.jpg                              	Fletcher, Lizzie
img/f000474_200.jpg                              	Flood, Mike
img/f000454_200.jpg                              	Foster, Bill
img/f000477_200.jpg                              	Foushee, Valerie P.
img/116_rp_nc_5_foxx_virginia_200.jpg            	Foxx, Virginia
img/f000462_200.jpg                              	Frankel, Lois
img/f000472_200.jpg                              	Franklin, C. Scott
img/f000476_200.jpg                              	Frost, Maxwell
img/f000478_200.jpg                              	Fry, Russell
img/f000469_200.jpg                              	Fulcher, Russ
img/116_rp_fl_1_gaetz_matt_200.jpg               	Gaetz, Matt
img/g000574_200.jpg                              	Gallego, Ruben
img/g000559_200.jpg                              	Garamendi, John
img/g000597_200.jpg                              	Garbarino, Andrew R.
img/g000061_200.jpg                              	Garcia, Mike
img/g000598_200.jpg                              	Garcia, Robert
img/g000587_200.jpg                              	Garcia, Sylvia R.
img/g000555_200.jpg                              	Gillibrand, Kirsten E.
img/g000593_200.jpg                              	Gimenez, Carlos A.
img/g000592_200.jpg                              	Golden, Jared F.
img/g000599_200.jpg                              	Goldman, Daniel S.
img/115_rp_ca_34_gomez_jimmy_200.jpg             	Gomez, Jimmy
img/g000594_200.jpg                              	Gonzales, Tony
img/g000582_200.jpg                              	González-Colón, Jenniffer
img/g000595_200.jpg                              	Good, Bob
img/g000589_200.jpg                              	Gooden, Lance
img/g000565_200.jpg                              	Gosar, Paul A.
img/g000359_200.jpg                              	Graham, Lindsey
img/g000377_200.jpg                              	Granger, Kay
img/g000386_200.jpg                              	Grassley, Chuck
img/115_rp_la_6_graves_garret_200.jpg            	Graves, Garret
img/g000546_200.jpg                              	Graves, Sam
img/116_rp_tx_9_green_al_200.jpg                 	Green, Al
img/g000590_200.jpg                              	Green, Mark E.
img/g000596_200.jpg                              	Greene, Marjorie Taylor
img/g000568_200.jpg                              	Griffith, H. Morgan
img/g000551_200.jpg                              	Grijalva, Raúl M.
img/g000591_200.jpg                              	Guest, Michael
img/g000558_200.jpg                              	Guthrie, Brett
img/h001096_200.jpg                              	Hageman, Harriet M.
img/h000601_200.jpg                              	Hagerty, Bill
img/h001052_200.jpg                              	Harris, Andy
img/h001076_200.jpg                              	Hassan, Margaret Wood
img/h001089_200.jpg                              	Hawley, Josh
img/h001081_200.jpg                              	Hayes, Jahana
img/h001046_200.jpg                              	Heinrich, Martin
img/h001082_200.jpg                              	Hern, Kevin
img/h000273_200.jpg                              	Hickenlooper, John W.
img/h001038_200.jpg                              	Higgins, Brian
img/h001077_200.jpg                              	Higgins, Clay
img/h001072_200.jpg                              	Hill, J. French
img/h001047_200.jpg                              	Himes, James A.
img/h001042_200.jpg                              	Hirono, Mazie K.
img/h001061_200.jpg                              	Hoeven, John
img/h001066_200.jpg                              	Horsford, Steven
img/h001093_200.jpg                              	Houchin, Erin
img/h001085_200.jpg                              	Houlahan, Chrissy
img/116_rp_md_5_hoyer_steny_200.jpg              	Hoyer, Steny H.
img/h001094_200.jpg                              	Hoyle, Val T.
img/h001067_200.jpg                              	Hudson, Richard
img/h001068_200.jpg                              	Huffman, Jared
img/h001058_200.jpg                              	Huizenga, Bill
img/h001095_200.jpg                              	Hunt, Wesley
img/h001079_200.jpg                              	Hyde-Smith, Cindy
img/i000056_200.jpg                              	Issa, Darrell E.
img/i000058_200.jpg                              	Ivey, Glenn
img/j000032_200.jpg                              	Jackson Lee, Sheila
img/j000308_200.jpg                              	Jackson, Jeff
img/j000309_200.jpg                              	Jackson, Jonathan L.
img/j000304_200.jpg                              	Jackson, Ronny
img/j000305_200.jpg                              	Jacobs, Sara
img/j000307_200.jpg                              	James, John
img/j000294_200.jpg                              	Jeffries, Hakeem S.
img/j000292_200.jpg                              	Johnson, Bill
img/j000301_200.jpg                              	Johnson, Dusty
img/115_rp_la_4_johnson_mike_200.jpg             	Johnson, Mike
img/j000293_200.jpg                              	Johnson, Ron
img/j000289_200.jpg                              	Jordan, Jim
img/j000295_200.jpg                              	Joyce, David P.
img/j000302_200.jpg                              	Joyce, John
img/k000384_200.jpg                              	Kaine, Tim
img/k000400_200.jpg                              	Kamlager-Dove, Sydney
img/k000009_200.jpg                              	Kaptur, Marcy
img/k000398_200.jpg                              	Kean, Thomas H.
img/k000375_200.jpg                              	Keating, William R.
img/k000377_200.jpg                              	Kelly, Mark
img/k000376_200.jpg                              	Kelly, Mike
img/116_rp_il_2_kelly_robin_200.jpg              	Kelly, Robin L.
img/116_rp_ms_1_kelly_trent_200.jpg              	Kelly, Trent
img/k000393_200.jpg                              	Kennedy, John
img/k000389_200.jpg                              	Khanna, Ro
img/k000399_200.jpg                              	Kiggans, Jennifer A
img/k000380_200.jpg                              	Kildee, Daniel T.
img/k000401_200.jpg                              	Kiley, Kevin
img/k000381_200.jpg                              	Kilmer, Derek
img/k000394_200.jpg                              	Kim, Andy
img/k000397_200.jpg                              	Kim, Young
img/k000383_200.jpg                              	King, Angus S., Jr.
img/k000367_200.jpg                              	Klobuchar, Amy
img/k000391_200.jpg                              	Krishnamoorthi, Raja
img/k000382_200.jpg                              	Kuster, Ann M.
img/116_rp_tn_8_kustoff_david_200.jpg            	Kustoff, David
img/115_rp_il_18_lahood_darin_200.jpg            	LaHood, Darin
img/l000598_200.jpg                              	LaLota, Nick
img/l000578_200.jpg                              	LaMalfa, Doug
img/l000564_200.jpg                              	Lamborn, Doug
img/l000601_200.jpg                              	Landsman, Greg
img/l000600_200.jpg                              	Langworthy, Nicholas A.
img/l000575_200.jpg                              	Lankford, James
img/116_rp_wa_2_larsen_rick_200.jpg              	Larsen, Rick
img/l000557_200.jpg                              	Larson, John B.
img/l000566_200.jpg                              	Latta, Robert E.
img/l000266_200.jpg                              	LaTurner, Jake
img/l000599_200.jpg                              	Lawler, Michael
img/116_rp_ca_13_lee_barbara_200.jpg             	Lee, Barbara
img/l000597_200.jpg                              	Lee, Laurel M.
img/l000577_200.jpg                              	Lee, Mike
img/l000602_200.jpg                              	Lee, Summer L.
img/l000590_200.jpg                              	Lee, Susie
img/l000273_200.jpg                              	Leger Fernandez, Teresa
img/l000589_200.jpg                              	Lesko, Debbie
img/l000595_200.jpg                              	Letlow, Julia
img/l000593_200.jpg                              	Levin, Mike
img/l000582_200.jpg                              	Lieu, Ted
img/l000397_200.jpg                              	Lofgren, Zoe
img/116_rp_ok_3_lucas_frank_200.jpg              	Lucas, Frank D.
img/l000569_200.jpg                              	Luetkemeyer, Blaine
img/l000570_200.jpg                              	Lujan, Ben Ray
img/l000571_200.jpg                              	Lummis, Cynthia M.
img/l000596_200.jpg                              	Luna, Anna Paulina
img/l000603_200.jpg                              	Luttrell, Morgan
img/l000562_200.jpg                              	Lynch, Stephen F.
img/m000194_200.jpg                              	Mace, Nancy
img/m001223_200.jpg                              	Magaziner, Seth
img/m000317_200.jpg                              	Malliotakis, Nicole
img/m001183_200.jpg                              	Manchin, Joe, III
img/m000871_200.jpg                              	Mann, Tracey
img/m001135_200.jpg                              	Manning, Kathy E.
img/m000133_200.jpg                              	Markey, Edward J.
img/m001198_200.jpg                              	Marshall, Roger
img/m001184_200.jpg                              	Massie, Thomas
img/116_rp_fl_18_mast_brian_200.jpg              	Mast, Brian J.
img/m001163_200.jpg                              	Matsui, Doris O.
img/m001208_200.jpg                              	McBath, Lucy
img/m001165_200.jpg                              	McCarthy, Kevin
img/m001136_200.jpg                              	McClain, Lisa C.
img/m001177_200.jpg                              	McClintock, Tom
img/m000355_200.jpg                              	McConnell, Mitch
img/m001218_200.jpg                              	McCormick, Richard
img/m001220_200.jpg                              	McGarvey, Morgan
img/m000312_200.jpg                              	McGovern, James P.
img/m001159_200.jpg                              	McMorris Rodgers, Cathy
img/m001137_200.jpg                              	Meeks, Gregory W.
img/m001226_200.jpg                              	Menendez, Robert
img/m000639_200.jpg                              	Menendez, Robert
img/m001188_200.jpg                              	Meng, Grace
img/m001176_200.jpg                              	Merkley, Jeff
img/m001204_200.jpg                              	Meuser, Daniel
img/m000687_200.jpg                              	Mfume, Kweisi
img/m001205_200.jpg                              	Miller, Carol D.
img/m001211_200.jpg                              	Miller, Mary E.
img/m001222_200.jpg                              	Miller, Max L.
img/m001215_200.jpg                              	Miller-Meeks, Mariannette
img/m001216_200.jpg                              	Mills, Cory
img/m001221_200.jpg                              	Molinaro, Marcus J.
img/m001194_200.jpg                              	Moolenaar, John R.
img/m001195_200.jpg                              	Mooney, Alexander X.
img/m001212_200.jpg                              	Moore, Barry
img/m001213_200.jpg                              	Moore, Blake D.
img/116_rp_wi_4_moore_gwen_200.jpg               	Moore, Gwen
img/m000934_200.jpg                              	Moran, Jerry
img/m001224_200.jpg                              	Moran, Nathaniel
img/m001206_200.jpg                              	Morelle, Joseph D.
img/m001217_200.jpg                              	Moskowitz, Jared
img/m001196_200.jpg                              	Moulton, Seth
img/m001219_200.jpg                              	Moylan, James C.
img/m001214_200.jpg                              	Mrvan, Frank J.
img/m001225_200.jpg                              	Mullin, Kevin
img/m001190_200.jpg                              	Mullin, Markwayne
img/m001153_200.jpg                              	Murkowski, Lisa
img/m001169_200.jpg                              	Murphy, Christopher
img/m001210_200.jpg                              	Murphy, Gregory
img/m001111_200.jpg                              	Murray, Patty
img/n000002_200.jpg                              	Nadler, Jerrold
img/n000015_200.jpg                              	Neal, Richard E.
img/n000191_200.jpg                              	Neguse, Joe
img/n000026_200.jpg                              	Nehls, Troy E.
img/116_rp_wa_4_newhouse_dan_200.jpg             	Newhouse, Dan
img/n000194_200.jpg                              	Nickel, Wiley
img/n000188_200.jpg                              	Norcross, Donald
img/n000190_200.jpg                              	Norman, Ralph
img/n000193_200.jpg                              	Nunn, Zachary
img/o000019_200.jpg                              	Obernolte, Jay
img/o000172_200.jpg                              	Ocasio-Cortez, Alexandria
img/o000175_200.jpg                              	Ogles, Andrew
img/o000173_200.jpg                              	Omar, Ilhan
img/o000174_200.jpg                              	Ossoff, Jon
img/o000086_200.jpg                              	Owens, Burgess
img/p000145_200.jpg                              	Padilla, Alex
img/p000034_200.jpg                              	Pallone, Frank, Jr.
img/p000609_200.jpg                              	Palmer, Gary J.
img/p000614_200.jpg                              	Pappas, Chris
img/p000603_200.jpg                              	Paul, Rand
img/p000604_200.jpg                              	Payne, Donald M., Jr.
img/p000197_200.jpg                              	Pelosi, Nancy
img/p000619_200.jpg                              	Peltola, Mary Sattler
img/p000615_200.jpg                              	Pence, Greg
img/g000600_200.jpg                              	Perez, Marie Gluesenkamp
img/115_rp_pa_4_perry_scott_200.jpg              	Perry, Scott
img/p000595_200.jpg                              	Peters, Gary C.
img/p000608_200.jpg                              	Peters, Scott H.
img/p000048_200.jpg                              	Pfluger, August
img/p000616_200.jpg                              	Phillips, Dean
img/p000597_200.jpg                              	Pingree, Chellie
img/p000607_200.jpg                              	Pocan, Mark
img/p000618_200.jpg                              	Porter, Katie
img/p000599_200.jpg                              	Posey, Bill
img/p000617_200.jpg                              	Pressley, Ayanna
img/q000023_200.jpg                              	Quigley, Mike
img/r000600_200.jpg                              	Radewagen, Aumua Amata Coleman
img/r000617_200.jpg                              	Ramirez, Delia C.
img/r000606_200.jpg                              	Raskin, Jamie
img/r000122_200.jpg                              	Reed, Jack
img/r000610_200.jpg                              	Reschenthaler, Guy
img/r000584_200.jpg                              	Risch, James E.
img/r000395_200.jpg                              	Rogers, Harold
img/116_rp_al_3_rogers_mike_200.jpg              	Rogers, Mike D.
img/r000615_200.jpg                              	Romney, Mitt
img/r000612_200.jpg                              	Rose, John W.
img/r000608_200.jpg                              	Rosen, Jacky
img/r000103_200.jpg                              	Rosendale Sr., Matthew M.
img/r000305_200.jpg                              	Ross, Deborah K.
img/r000605_200.jpg                              	Rounds, Mike
img/r000603_200.jpg                              	Rouzer, David
img/r000614_200.jpg                              	Roy, Chip
img/r000595_200.jpg                              	Rubio, Marco
img/r000599_200.jpg                              	Ruiz, Raul
img/r000609_200.jpg                              	Rutherford, John H.
img/r000579_200.jpg                              	Ryan, Patrick
img/s001177_200.jpg                              	Sablan, Gregorio Kilili Camacho
img/s000168_200.jpg                              	Salazar, Maria Elvira
img/s001226_200.jpg                              	Salinas, Andrea
img/s000033_200.jpg                              	Sanders, Bernard
img/s001222_200.jpg                              	Santos, George
img/s001168_200.jpg                              	Sarbanes, John P.
img/s001197_200.jpg                              	Sasse, Ben
img/s001176_200.jpg                              	Scalise, Steve
img/s001194_200.jpg                              	Schatz, Brian
img/116_rp_ca_28_schiff_adam_200.jpg             	Schiff, Adam B.
img/s001227_200.jpg                              	Schmitt, Eric
img/s001190_200.jpg                              	Schneider, Bradley Scott
img/s001221_200.jpg                              	Scholten, Hillary J.
img/s001216_200.jpg                              	Schrier, Kim
img/s000148_200.jpg                              	Schumer, Charles E.
img/s001183_200.jpg                              	Schweikert, David
img/s001189_200.jpg                              	Scott, Austin
img/116_rp_ga_13_scott_david_200.jpg             	Scott, David
img/s001217_200.jpg                              	Scott, Rick
img/s001184_200.jpg                              	Scott, Tim
img/s001224_200.jpg                              	Self, Keith
img/s001185_200.jpg                              	Sewell, Terri A.
img/s001181_200.jpg                              	Shaheen, Jeanne
img/s000344_200.jpg                              	Sherman, Brad
img/s001207_200.jpg                              	Sherrill, Mikie
img/s001191_200.jpg                              	Sinema, Kyrsten
img/s001208_200.jpg                              	Slotkin, Elissa
img/116_rp_wa_9_smith_adam_200.jpg               	Smith, Adam
img/s001172_200.jpg                              	Smith, Adrian
img/s000522_200.jpg                              	Smith, Christopher H.
img/s001195_200.jpg                              	Smith, Jason
img/s001203_200.jpg                              	Smith, Tina
img/s001199_200.jpg                              	Smucker, Lloyd
img/s001225_200.jpg                              	Sorensen, Eric
img/115_rp_fl_9_soto_darren_200.jpg              	Soto, Darren
img/s001209_200.jpg                              	Spanberger, Abigail Davis
img/s000929_200.jpg                              	Spartz, Victoria
img/s000770_200.jpg                              	Stabenow, Debbie
img/s001218_200.jpg                              	Stansbury, Melanie Ann
img/s001211_200.jpg                              	Stanton, Greg
img/s001212_200.jpg                              	Stauber, Pete
img/s001135_200.jpg                              	Steel, Michelle
img/s001196_200.jpg                              	Stefanik, Elise M.
img/s001213_200.jpg                              	Steil, Bryan
img/s001214_200.jpg                              	Steube, W. Gregory
img/s001215_200.jpg                              	Stevens, Haley M.
img/s001192_200.jpg                              	Stewart, Chris
img/s001159_200.jpg                              	Strickland, Marilyn
img/s001198_200.jpg                              	Sullivan, Dan
img/s001193_200.jpg                              	Swalwell, Eric
img/s001223_200.jpg                              	Sykes, Emilia Strong
img/t000472_200.jpg                              	Takano, Mark
img/t000478_200.jpg                              	Tenney, Claudia
img/t000464_200.jpg                              	Tester, Jon
img/t000488_200.jpg                              	Thanedar, Shri
img/t000193_200.jpg                              	Thompson, Bennie G.
img/116_rp_ca_5_thompson_mike_200.jpg            	Thompson, Mike
img/t000250_200.jpg                              	Thune, John
img/t000165_200.jpg                              	Tiffany, Thomas P.
img/t000476_200.jpg                              	Tillis, Thomas
img/t000480_200.jpg                              	Timmons, William R. IV
img/t000468_200.jpg                              	Titus, Dina
img/t000481_200.jpg                              	Tlaib, Rashida
img/t000487_200.jpg                              	Tokuda, Jill N.
img/t000469_200.jpg                              	Tonko, Paul
img/t000474_200.jpg                              	Torres, Norma J.
img/t000486_200.jpg                              	Torres, Ritchie
img/t000482_200.jpg                              	Trahan, Lori
img/t000483_200.jpg                              	Trone, David J.
img/t000278_200.jpg                              	Tuberville, Tommy
img/116_rp_oh_10_turner_michael_200.jpg          	Turner, Michael R.
img/u000040_200.jpg                              	Underwood, Lauren
img/115_rp_ca_21_valadao_david_200.jpg           	Valadao, David G.
img/v000133_200.jpg                              	Van Drew, Jefferson
img/v000128_200.jpg                              	Van Hollen, Chris
img/v000135_200.jpg                              	Van Orden, Derrick
img/v000130_200.jpg                              	Vargas, Juan
img/v000136_200.jpg                              	Vasquez, Gabe
img/v000131_200.jpg                              	Veasey, Marc A.
img/v000081_200.jpg                              	Velazquez, Nydia M.
img/w000812_200.jpg                              	Wagner, Ann
img/w000798_200.jpg                              	Walberg, Tim
img/w000823_200.jpg                              	Waltz, Michael
img/w000805_200.jpg                              	Warner, Mark R.
img/w000790_200.jpg                              	Warnock, Raphael G.
img/w000817_200.jpg                              	Warren, Elizabeth
img/116_rp_fl_23_wassermanschultz_debbie_200.jpg 	Wasserman Schultz, Debbie
img/w000187_200.jpg                              	Waters, Maxine
img/w000822_200.jpg                              	Watson Coleman, Bonnie
img/w000814_200.jpg                              	Weber, Randy K., Sr.
img/w000806_200.jpg                              	Webster, Daniel
img/w000800_200.jpg                              	Welch, Peter
img/w000815_200.jpg                              	Wenstrup, Brad R.
img/w000821_200.jpg                              	Westerman, Bruce
img/w000825_200.jpg                              	Wexton, Jennifer
img/w000802_200.jpg                              	Whitehouse, Sheldon
img/w000437_200.jpg                              	Wicker, Roger F.
img/116_rp_pa_7_wild_susan_200.jpg               	Wild, Susan
img/w000828_200.jpg                              	Williams, Brandon
img/w000788_200.jpg                              	Williams, Nikema
img/w000816_200.jpg                              	Williams, Roger
img/w000808_200.jpg                              	Wilson, Frederica S.
img/116_rp_sc_2_wilson_joe_200.jpg               	Wilson, Joe
img/w000804_200.jpg                              	Wittman, Robert J.
img/w000809_200.jpg                              	Womack, Steve
img/w000779_200.jpg                              	Wyden, Ron
img/y000067_200.jpg                              	Yakym, Rudy
img/y000064_200.jpg                              	Young, Todd
img/z000018_200.jpg                              	Zinke, Ryan K.